{"title":"about","uid":"03933793d01427bd4ef056d0a9b02560","text":" Who am IWelcome to my blog, I am NetEngineFrom a focus on front-end development to a love of Vue, React and hybrid APP development. Pursue ...","date":"2021-08-28T08:21:18.616Z","updated":"2021-08-28T08:21:18.616Z","comments":true,"path":"api/pages/about/index.json","covers":[],"excerpt":"","content":"<img src=\"https://cdn.jsdelivr.net/gh/hehuixiong/image-host/avatar.png\" width=\"150px\" style=\"margin: 0 auto;border-radius: 50%;\">\n\n<h2 id=\"Who-am-I\"><a href=\"#Who-am-I\" class=\"headerlink\" title=\"Who am I\"></a><font color=\"#24c6dc\">Who am I</font></h2><p>Welcome to my blog, I am <font color=\"#7aa2f7\">NetEngine</font><br>From a focus on front-end development to a love of Vue, React and hybrid APP development.</p>\n<p>Pursue perfection and perfection, like an efficient, elegant and cohesive team,<br>Determined to create the best products and become an elegant and in-depth technical talent.</p>\n<p>Love outdoor travel and accept challenges, like to play the game of King glory and Yin Yang division, balance life and work, and have a sense of rhythm.</p>\n<p>欢迎来到我的博客, 我是 <font color=\"#7aa2f7\">络擎 (NetEngine)</font> ,<br>从专注于 前端 开发到爱上钻研 Vue，React 和混合 APP 开发，</p>\n<p>追求极致, 追求完美, 喜欢一个高效, 优雅, 高凝聚力的团队,<br>立志于打造最优秀的产品, 成为一名既优雅而有深度的技术人才。</p>\n<p>热爱户外旅游和接受挑战，喜欢玩王者荣耀与阴阳师游戏，生活和工作平衡，有节奏感的人生。</p>\n<hr>\n<!-- ## <font color=\"#24c6dc\">Open Sources</font>\n- vuejs-countdown-timer 一 Vue 2 活动倒计时组件\n- vuejs-scroll-fixed-header 一 Vue 2 滑动固定头部组件\n- vue-photoswipe 一 A Vue Integrated PhotoSwipe Image Preview Plugin\n- vuejs-sticky-directive 一 支持头部和底部 sticky 的功能, 使用的是原生 js 和 vue 的 directive 实现\n- captcha-lumen5 一 Lumen5 的验证码包\n*** -->\n<h2 id=\"Dev-Gears\"><a href=\"#Dev-Gears\" class=\"headerlink\" title=\"Dev Gears\"></a><font color=\"#24c6dc\">Dev Gears</font></h2><ul>\n<li>硬件：<a href=\"https://www.apple.com.cn/\">MackBook Pro</a> 16 寸</li>\n<li>系统：<a href=\"https://www.apple.com.cn/\">MacOS Big Sur</a> 版本 11.0 以上</li>\n<li>编辑器：<a href=\"https://code.visualstudio.com/\">Visual Studio Code</a></li>\n<li>浏览器：<a href=\"https://google.cn/chrome\">Chrome</a> 版本 92.0.4515.159</li>\n<li>服务器：<a href=\"https://www.aliyun.com/\">阿里云</a></li>\n<li>虚拟机：<a href=\"https://www.virtualbox.org/\">VirtualBox</a></li>\n<li>命令行工具：<a href=\"https://iterm2.com/\">iTerm2 (Mac)</a></li>\n<li>Markdown 编写工具：<a href=\"https://www.typora.io/\">Typora</a></li>\n<li>代码管理工具：<a href=\"https://www.gitkraken.com/\">GitKraken</a></li>\n</ul>\n<hr>\n","count_time":{"symbolsCount":"1.1k","symbolsTime":"1 mins."},"toc":"<ol class=\"toc\"><li class=\"toc-item toc-level-2\"><a class=\"toc-link\" href=\"#Who-am-I\"><span class=\"toc-text\">Who am I</span></a></li><li class=\"toc-item toc-level-2\"><a class=\"toc-link\" href=\"#Dev-Gears\"><span class=\"toc-text\">Dev Gears</span></a></li></ol>"}