[{"title":"Mac 破解GitKraken教程","uid":"0c362deea0e7505e0e85786492df47ac","slug":"2021-08-27-mac-gitkraken-tutorial","date":"2021-08-27T07:08:00.000Z","updated":"2021-08-27T07:28:00.888Z","comments":true,"path":"api/articles/2021-08-27-mac-gitkraken-tutorial.json","cover":"https://cdn.jsdelivr.net/gh/hehuixiong/image-host/gitkraken.jpeg","text":"GitKraken是什么？GitKraken是基于Git代码管理的一个UI管理器，拥有非常精美的界面，可以配合Github、Gitee来使用。 下载GitKraken我们选择在GitKraken官网安装最新版本的GitKraken，在官网安装的是收费的，这个时候不要管，先安装一遍...","link":"","photos":["https://cdn.jsdelivr.net/gh/hehuixiong/image-host/gitkraken.jpeg"],"count_time":{"symbolsCount":"1.6k","symbolsTime":"1 mins."},"categories":[],"tags":[{"name":"gitkraken","slug":"gitkraken","count":1,"path":"api/tags/gitkraken.json"}],"author":{"name":"络擎","slug":"blog-author","avatar":"https://img-blog.csdnimg.cn/20210313122054101.png","link":"/","description":"Think like an artist, develop like an artisan.","socials":{"github":"https://github.com/NetEngine","twitter":"","stackoverflow":"","wechat":"","qq":"","weibo":"https://weibo.com/","zhihu":"https://www.zhihu.com","csdn":"https://blog.csdn.net","juejin":"https://juejin.cn","customs":{}}},"feature":true},{"title":"使用Console技巧提高JS调试技能","uid":"8c6e317d34a70d85c4a6b275416b9854","slug":"2021-08-01-console-js-debug","date":"2021-08-01T12:20:12.000Z","updated":"2021-08-27T10:04:52.000Z","comments":true,"path":"api/articles/2021-08-01-console-js-debug.json","cover":"https://images.unsplash.com/photo-1522252234503-e356532cafd5","text":"其实 JavaScript 给到我们很多调试工具来调试代码，那问问你自己，你又知道多少呢？用到多少呢？ 大部分前端开发在 JavaScript 调试代码的常规用法都是直接console.log，直接输出某一个变量或者返回数据里面的对象数据。当然毋庸置疑这样输出来调试是没有问题的。...","link":"","photos":[],"count_time":{"symbolsCount":"4.2k","symbolsTime":"4 mins."},"categories":[{"name":"调试","slug":"调试","count":1,"path":"api/categories/调试.json"}],"tags":[{"name":"console","slug":"console","count":1,"path":"api/tags/console.json"}],"author":{"name":"络擎","slug":"blog-author","avatar":"https://img-blog.csdnimg.cn/20210313122054101.png","link":"/","description":"Think like an artist, develop like an artisan.","socials":{"github":"https://github.com/NetEngine","twitter":"","stackoverflow":"","wechat":"","qq":"","weibo":"https://weibo.com/","zhihu":"https://www.zhihu.com","csdn":"https://blog.csdn.net","juejin":"https://juejin.cn","customs":{}}},"feature":true},{"title":"谈谈敏捷开发","uid":"ede919be316f4f79677d41980bcb9458","slug":"2020-03-22-about-agility-dev","date":"2020-03-22T04:07:43.000Z","updated":"2021-08-27T09:46:34.000Z","comments":true,"path":"api/articles/2020-03-22-about-agility-dev.json","cover":"https://cdn.jsdelivr.net/gh/hehuixiong/image-host/article/agility.jpeg","text":" 谈谈敏捷开发 小步快跑、敏捷开发 真实的敏捷开发 后注 谈谈敏捷开发好久没有更新一下博客，最近有在尝试新的领域，可是一直没能积累下什么重要的知识、或者形成了什么重要的知识体系，就没能写下什么有意义的记录。可是很偶然的机会看到一个视频，里面讲述的，乔布斯谈论关于【流程与人才】的理...","link":"","photos":[],"count_time":{"symbolsCount":"2.1k","symbolsTime":"2 mins."},"categories":[{"name":"开发技巧","slug":"开发技巧","count":1,"path":"api/categories/开发技巧.json"}],"tags":[{"name":"agile","slug":"agile","count":1,"path":"api/tags/agile.json"}],"author":{"name":"络擎","slug":"blog-author","avatar":"https://img-blog.csdnimg.cn/20210313122054101.png","link":"/","description":"Think like an artist, develop like an artisan.","socials":{"github":"https://github.com/NetEngine","twitter":"","stackoverflow":"","wechat":"","qq":"","weibo":"https://weibo.com/","zhihu":"https://www.zhihu.com","csdn":"https://blog.csdn.net","juejin":"https://juejin.cn","customs":{}}},"feature":true}]