[{"name":"git","path":"api/tags/git.json","slug":"git","count":1},{"name":"css","path":"api/tags/css.json","slug":"css","count":1},{"name":"javaScript","path":"api/tags/javaScript.json","slug":"javaScript","count":1},{"name":"html","path":"api/tags/html.json","slug":"html","count":1},{"name":"vue.js","path":"api/tags/vue-js.json","slug":"vue-js","count":1},{"name":"elementui","path":"api/tags/elementui.json","slug":"elementui","count":1},{"name":"agile","path":"api/tags/agile.json","slug":"agile","count":1},{"name":"console","path":"api/tags/console.json","slug":"console","count":1},{"name":"gitkraken","path":"api/tags/gitkraken.json","slug":"gitkraken","count":1}]