{"name":"开发技巧","slug":"开发技巧","count":1,"postlist":[{"title":"谈谈敏捷开发","uid":"ede919be316f4f79677d41980bcb9458","slug":"2020-03-22-about-agility-dev","date":"2020-03-22T04:07:43.000Z","updated":"2021-08-27T09:46:34.000Z","comments":true,"path":"api/articles/2020-03-22-about-agility-dev.json","keywords":null,"cover":"https://cdn.jsdelivr.net/gh/hehuixiong/image-host/article/agility.jpeg","text":" 谈谈敏捷开发 小步快跑、敏捷开发 真实的敏捷开发 后注 谈谈敏捷开发好久没有更新一下博客，最近有在尝试新的领域，可是一直没能积累下什么重要的知识、或者形成了什么重要的知识体系，就没能写下什么有意义的记录。可是很偶然的机会看到一个视频，里面讲述的，乔布斯谈论关于【流程与人才】的理...","link":"","photos":[],"count_time":{"symbolsCount":"2.1k","symbolsTime":"2 mins."},"categories":[{"name":"开发技巧","slug":"开发技巧","count":1,"path":"api/categories/开发技巧.json"}],"tags":[{"name":"agile","slug":"agile","count":1,"path":"api/tags/agile.json"}],"author":{"name":"络擎","slug":"blog-author","avatar":"https://img-blog.csdnimg.cn/20210313122054101.png","link":"/","description":"Think like an artist, develop like an artisan.","socials":{"github":"https://github.com/NetEngine","twitter":"","stackoverflow":"","wechat":"","qq":"","weibo":"https://weibo.com/","zhihu":"https://www.zhihu.com","csdn":"https://blog.csdn.net","juejin":"https://juejin.cn","customs":{}}},"feature":true}]}