{"name":"调试","slug":"调试","count":1,"postlist":[{"title":"使用Console技巧提高JS调试技能","uid":"8c6e317d34a70d85c4a6b275416b9854","slug":"2021-08-01-console-js-debug","date":"2021-08-01T12:20:12.000Z","updated":"2021-08-27T10:04:52.000Z","comments":true,"path":"api/articles/2021-08-01-console-js-debug.json","keywords":null,"cover":"https://images.unsplash.com/photo-1522252234503-e356532cafd5","text":"其实 JavaScript 给到我们很多调试工具来调试代码，那问问你自己，你又知道多少呢？用到多少呢？ 大部分前端开发在 JavaScript 调试代码的常规用法都是直接console.log，直接输出某一个变量或者返回数据里面的对象数据。当然毋庸置疑这样输出来调试是没有问题的。...","link":"","photos":[],"count_time":{"symbolsCount":"4.2k","symbolsTime":"4 mins."},"categories":[{"name":"调试","slug":"调试","count":1,"path":"api/categories/调试.json"}],"tags":[{"name":"console","slug":"console","count":1,"path":"api/tags/console.json"}],"author":{"name":"络擎","slug":"blog-author","avatar":"https://img-blog.csdnimg.cn/20210313122054101.png","link":"/","description":"Think like an artist, develop like an artisan.","socials":{"github":"https://github.com/NetEngine","twitter":"","stackoverflow":"","wechat":"","qq":"","weibo":"https://weibo.com/","zhihu":"https://www.zhihu.com","csdn":"https://blog.csdn.net","juejin":"https://juejin.cn","customs":{}}},"feature":true}]}