{"name":"elementui","slug":"elementui","count":1,"postlist":[{"title":"前端技能训练: 重构一","uid":"1ac99b79c3bc762da636a204d3bcafcf","slug":"2020-01-18-web-refactoring-1","date":"2020-01-18T05:08:43.000Z","updated":"2021-08-27T09:46:32.000Z","comments":true,"path":"api/articles/2020-01-18-web-refactoring-1.json","keywords":null,"cover":"https://cdn.jsdelivr.net/gh/hehuixiong/image-host/article/refactor.jpeg","text":"或许你应该知道了，重构是怎样的，你也知道重构能带来什么。在我刚开始学重构和设计模式的时候，我需要去找一些好的示例，以便于我更好的学习。有时候不得不创造一些更好的场景，来实现这些功能。 有一天，我发现当我需要我一次又一次地重复讲述某些内容，于是我就计划着把这些应该掌握的技能放到Gi...","link":"","photos":[],"count_time":{"symbolsCount":"3.9k","symbolsTime":"4 mins."},"categories":[{"name":"前端优化","slug":"前端优化","count":1,"path":"api/categories/前端优化.json"}],"tags":[{"name":"css","slug":"css","count":1,"path":"api/tags/css.json"},{"name":"javaScript","slug":"javaScript","count":1,"path":"api/tags/javaScript.json"},{"name":"html","slug":"html","count":1,"path":"api/tags/html.json"},{"name":"vue.js","slug":"vue-js","count":1,"path":"api/tags/vue-js.json"},{"name":"elementui","slug":"elementui","count":1,"path":"api/tags/elementui.json"}],"author":{"name":"络擎","slug":"blog-author","avatar":"https://img-blog.csdnimg.cn/20210313122054101.png","link":"/","description":"Think like an artist, develop like an artisan.","socials":{"github":"https://github.com/NetEngine","twitter":"","stackoverflow":"","wechat":"","qq":"","weibo":"https://weibo.com/","zhihu":"https://www.zhihu.com","csdn":"https://blog.csdn.net","juejin":"https://juejin.cn","customs":{}}}}]}