{"name":"git","slug":"git","count":1,"postlist":[{"title":"耀企GIT使用规范 v2.0","uid":"b601698dabc8935f9667f75aaa003059","slug":"2019-03-26-yqy-git-standard","date":"2019-03-26T07:07:43.000Z","updated":"2021-08-28T01:46:03.000Z","comments":true,"path":"api/articles/2019-03-26-yqy-git-standard.json","keywords":null,"cover":"https://cdn.jsdelivr.net/gh/hehuixiong/image-host/DxMfhT.jpg","text":"耀企GIT使用规范 v2.0 Git usage standards version 2.0 介绍每一个优秀的开发团队都会用到一套代码管理工具。根据目前最流行的代码管理工具非GIT莫属。不例外耀企团队绝对使用最优秀的规范和工具。根据耀企项目的具体部署环境，开发规范，我们有一套自己...","link":"","photos":[],"count_time":{"symbolsCount":"1.9k","symbolsTime":"2 mins."},"categories":[],"tags":[{"name":"git","slug":"git","count":1,"path":"api/tags/git.json"}],"author":{"name":"络擎","slug":"blog-author","avatar":"https://img-blog.csdnimg.cn/20210313122054101.png","link":"/","description":"Think like an artist, develop like an artisan.","socials":{"github":"https://github.com/NetEngine","twitter":"","stackoverflow":"","wechat":"","qq":"","weibo":"https://weibo.com/","zhihu":"https://www.zhihu.com","csdn":"https://blog.csdn.net","juejin":"https://juejin.cn","customs":{}}}}]}