{"name":"gitkraken","slug":"gitkraken","count":1,"postlist":[{"title":"Mac 破解GitKraken教程","uid":"0c362deea0e7505e0e85786492df47ac","slug":"2021-08-27-mac-gitkraken-tutorial","date":"2021-08-27T07:08:00.000Z","updated":"2021-08-27T07:28:00.888Z","comments":true,"path":"api/articles/2021-08-27-mac-gitkraken-tutorial.json","keywords":null,"cover":"https://cdn.jsdelivr.net/gh/hehuixiong/image-host/gitkraken.jpeg","text":"GitKraken是什么？GitKraken是基于Git代码管理的一个UI管理器，拥有非常精美的界面，可以配合Github、Gitee来使用。 下载GitKraken我们选择在GitKraken官网安装最新版本的GitKraken，在官网安装的是收费的，这个时候不要管，先安装一遍...","link":"","photos":["https://cdn.jsdelivr.net/gh/hehuixiong/image-host/gitkraken.jpeg"],"count_time":{"symbolsCount":"1.6k","symbolsTime":"1 mins."},"categories":[],"tags":[{"name":"gitkraken","slug":"gitkraken","count":1,"path":"api/tags/gitkraken.json"}],"author":{"name":"络擎","slug":"blog-author","avatar":"https://img-blog.csdnimg.cn/20210313122054101.png","link":"/","description":"Think like an artist, develop like an artisan.","socials":{"github":"https://github.com/NetEngine","twitter":"","stackoverflow":"","wechat":"","qq":"","weibo":"https://weibo.com/","zhihu":"https://www.zhihu.com","csdn":"https://blog.csdn.net","juejin":"https://juejin.cn","customs":{}}},"feature":true}]}