{"title":"耀企GIT使用规范 v2.0","uid":"b601698dabc8935f9667f75aaa003059","slug":"2019-03-26-yqy-git-standard","date":"2019-03-26T07:07:43.000Z","updated":"2021-08-28T01:46:03.000Z","comments":true,"path":"api/articles/2019-03-26-yqy-git-standard.json","keywords":null,"cover":"https://cdn.jsdelivr.net/gh/hehuixiong/image-host/DxMfhT.jpg","content":"<h1 id=\"耀企GIT使用规范-v2-0\"><a href=\"#耀企GIT使用规范-v2-0\" class=\"headerlink\" title=\"耀企GIT使用规范 v2.0\"></a>耀企GIT使用规范 v2.0</h1><blockquote><span class=\"custom-blockquote-svg\"><svg width=\"24\" height=\"24\" viewBox=\"0 0 24 24\" fill=\"\" xmlns=\"http://www.w3.org/2000/svg\" data-reactroot=\"\">\n<path fill=\"\" d=\"M22 12C22 6.5 17.5 2 12 2C6.5 2 2 6.5 2 12C2 17.5 6.5 22 12 22C13.8 22 15.5 21.5 17 20.6L22 22L20.7 17C21.5 15.5 22 13.8 22 12Z\" undefined=\"1\"></path>\n<path fill=\"\" d=\"M15.97 11.5H16.04C17.12 11.5 18 12.38 18 13.47V13.53C18 14.62 17.12 15.5 16.03 15.5H15.96C14.88 15.5 14 14.62 14 13.53V13.46C14 12.38 14.88 11.5 15.97 11.5Z\" undefined=\"1\"></path>\n<path fill=\"\" d=\"M7.97 11.5H8.04C9.12 11.5 10 12.38 10 13.47V13.53C10 14.62 9.12 15.5 8.03 15.5H7.97C6.88 15.5 6 14.62 6 13.53V13.46C6 12.38 6.88 11.5 7.97 11.5Z\" undefined=\"1\"></path>\n<path stroke-linejoin=\"round\" stroke-linecap=\"round\" stroke-miterlimit=\"10\" stroke-width=\"2\" stroke=\"\" d=\"M17 8.5C15.23 8.97 14.07 10.84 14.01 13.27C14 13.33 14 13.4 14 13.47V13.5\"></path>\n<path stroke-linejoin=\"round\" stroke-linecap=\"round\" stroke-miterlimit=\"10\" stroke-width=\"2\" stroke=\"\" d=\"M9 8.5C7.23 8.97 6.07 10.84 6.01 13.27C6 13.33 6 13.4 6 13.47V13.5\"></path>\n<path stroke-linejoin=\"round\" stroke-linecap=\"round\" stroke-miterlimit=\"10\" stroke-width=\"2\" stroke=\"\" d=\"M15.97 11.5H16.04C17.12 11.5 18 12.38 18 13.47V13.53C18 14.62 17.12 15.5 16.03 15.5H15.96C14.88 15.5 14 14.62 14 13.53V13.46C14 12.38 14.88 11.5 15.97 11.5Z\"></path>\n<path stroke-linejoin=\"round\" stroke-linecap=\"round\" stroke-miterlimit=\"10\" stroke-width=\"2\" stroke=\"\" d=\"M7.97 11.5H8.04C9.12 11.5 10 12.38 10 13.47V13.53C10 14.62 9.12 15.5 8.03 15.5H7.97C6.88 15.5 6 14.62 6 13.53V13.46C6 12.38 6.88 11.5 7.97 11.5Z\"></path>\n</svg>\n</span><p>Git usage standards version 2.0</p></blockquote>\n<h1 id=\"介绍\"><a href=\"#介绍\" class=\"headerlink\" title=\"介绍\"></a>介绍</h1><p>每一个优秀的开发团队都会用到一套代码管理工具。根据目前最流行的代码管理工具非<code>GIT</code>莫属。不例外耀企团队绝对使用最优秀的规范和工具。根据耀企项目的具体部署环境，开发规范，我们有一套自己的规范和标准的<code>GIT</code>使用方式。</p>\n<h1 id=\"敏捷迭代\"><a href=\"#敏捷迭代\" class=\"headerlink\" title=\"敏捷迭代\"></a>敏捷迭代</h1><pre><code>如果要弄明白耀企的GIT使用，首先要了解清楚耀企项目的迭代流程\n</code></pre>\n<p><img src=\"https://cdn.jsdelivr.net/gh/hehuixiong/image-host/agile_development.png\"></p>\n<h4 id=\"什么是敏捷迭代？\"><a href=\"#什么是敏捷迭代？\" class=\"headerlink\" title=\"什么是敏捷迭代？\"></a>什么是敏捷迭代？</h4><blockquote><span class=\"custom-blockquote-svg\"><svg width=\"24\" height=\"24\" viewBox=\"0 0 24 24\" fill=\"\" xmlns=\"http://www.w3.org/2000/svg\" data-reactroot=\"\">\n<path fill=\"\" d=\"M22 12C22 6.5 17.5 2 12 2C6.5 2 2 6.5 2 12C2 17.5 6.5 22 12 22C13.8 22 15.5 21.5 17 20.6L22 22L20.7 17C21.5 15.5 22 13.8 22 12Z\" undefined=\"1\"></path>\n<path fill=\"\" d=\"M15.97 11.5H16.04C17.12 11.5 18 12.38 18 13.47V13.53C18 14.62 17.12 15.5 16.03 15.5H15.96C14.88 15.5 14 14.62 14 13.53V13.46C14 12.38 14.88 11.5 15.97 11.5Z\" undefined=\"1\"></path>\n<path fill=\"\" d=\"M7.97 11.5H8.04C9.12 11.5 10 12.38 10 13.47V13.53C10 14.62 9.12 15.5 8.03 15.5H7.97C6.88 15.5 6 14.62 6 13.53V13.46C6 12.38 6.88 11.5 7.97 11.5Z\" undefined=\"1\"></path>\n<path stroke-linejoin=\"round\" stroke-linecap=\"round\" stroke-miterlimit=\"10\" stroke-width=\"2\" stroke=\"\" d=\"M17 8.5C15.23 8.97 14.07 10.84 14.01 13.27C14 13.33 14 13.4 14 13.47V13.5\"></path>\n<path stroke-linejoin=\"round\" stroke-linecap=\"round\" stroke-miterlimit=\"10\" stroke-width=\"2\" stroke=\"\" d=\"M9 8.5C7.23 8.97 6.07 10.84 6.01 13.27C6 13.33 6 13.4 6 13.47V13.5\"></path>\n<path stroke-linejoin=\"round\" stroke-linecap=\"round\" stroke-miterlimit=\"10\" stroke-width=\"2\" stroke=\"\" d=\"M15.97 11.5H16.04C17.12 11.5 18 12.38 18 13.47V13.53C18 14.62 17.12 15.5 16.03 15.5H15.96C14.88 15.5 14 14.62 14 13.53V13.46C14 12.38 14.88 11.5 15.97 11.5Z\"></path>\n<path stroke-linejoin=\"round\" stroke-linecap=\"round\" stroke-miterlimit=\"10\" stroke-width=\"2\" stroke=\"\" d=\"M7.97 11.5H8.04C9.12 11.5 10 12.38 10 13.47V13.53C10 14.62 9.12 15.5 8.03 15.5H7.97C6.88 15.5 6 14.62 6 13.53V13.46C6 12.38 6.88 11.5 7.97 11.5Z\"></path>\n</svg>\n</span><p>敏捷迭代就是把开发周期缩短到1-4周。小步快跑的迅速迭代交付功能上线。敏捷迭代的流程分别如下：</p></blockquote>\n<ol>\n<li>确定需求 - <em>与老板和市场确认需求和流程</em></li>\n<li>需求评审 - <em>与开发同频需求里面的功能点和业务流程</em></li>\n<li>技术反讲 - <em>开发与产品同频需求，保证理解没有误区，开发也需要评估开发难度，和开发时间</em></li>\n<li>研发周期 - <em>开发人员开始投入研发直接到功能和需求开发完毕，转交给测试，在测试环境提测</em></li>\n<li>测试周期 - <em>测试和开发人员开始排除困难，修复所有在开发过程产生的bug</em></li>\n<li>验收/预发布周期 - <em>当测试在测试环境把所有bug排除掉后，当前迭代版本就会发布到预发布环境让市场和产品验收功能</em></li>\n<li>发布正式 - <em>当验收通过后，当前迭代版本就可以部署上先到正式环境</em></li>\n<li>正式回归测试 - <em>发布上线后，就会有正式回归测试，最有一道防线，保证系统加入了所有新功能都没有问题</em></li>\n<li>迭代总结 - <em>每一期迭代结束后都总结这次迭代遇到的问题，持续优化，提高效率</em></li>\n</ol>\n<h4 id=\"开发环境\"><a href=\"#开发环境\" class=\"headerlink\" title=\"开发环境\"></a>开发环境</h4><p><img src=\"https://cdn.jsdelivr.net/gh/hehuixiong/image-host/agile_dev_envs.png\"></p>\n<pre><code>开发环境和git分支是一一对应的。\n</code></pre>\n<ul>\n<li>版本开发环境 - <em>dev/x.x.x 版本分支</em></li>\n<li>测试/联调环境 - <em>qa/qa1，qa/qa2，qa/qa3 3个测试环境和分支</em></li>\n<li>预发布/验收环境 - <em>release分支</em></li>\n<li>正式线上环境 - <em>master分支</em></li>\n</ul>\n<h1 id=\"Git操作场景\"><a href=\"#Git操作场景\" class=\"headerlink\" title=\"Git操作场景\"></a>Git操作场景</h1><pre><code>这里我们按照实际开发流程和实际场景来解说怎么使用git\n</code></pre>\n<blockquote><span class=\"custom-blockquote-svg\"><svg width=\"24\" height=\"24\" viewBox=\"0 0 24 24\" fill=\"\" xmlns=\"http://www.w3.org/2000/svg\" data-reactroot=\"\">\n<path fill=\"\" d=\"M22 12C22 6.5 17.5 2 12 2C6.5 2 2 6.5 2 12C2 17.5 6.5 22 12 22C13.8 22 15.5 21.5 17 20.6L22 22L20.7 17C21.5 15.5 22 13.8 22 12Z\" undefined=\"1\"></path>\n<path fill=\"\" d=\"M15.97 11.5H16.04C17.12 11.5 18 12.38 18 13.47V13.53C18 14.62 17.12 15.5 16.03 15.5H15.96C14.88 15.5 14 14.62 14 13.53V13.46C14 12.38 14.88 11.5 15.97 11.5Z\" undefined=\"1\"></path>\n<path fill=\"\" d=\"M7.97 11.5H8.04C9.12 11.5 10 12.38 10 13.47V13.53C10 14.62 9.12 15.5 8.03 15.5H7.97C6.88 15.5 6 14.62 6 13.53V13.46C6 12.38 6.88 11.5 7.97 11.5Z\" undefined=\"1\"></path>\n<path stroke-linejoin=\"round\" stroke-linecap=\"round\" stroke-miterlimit=\"10\" stroke-width=\"2\" stroke=\"\" d=\"M17 8.5C15.23 8.97 14.07 10.84 14.01 13.27C14 13.33 14 13.4 14 13.47V13.5\"></path>\n<path stroke-linejoin=\"round\" stroke-linecap=\"round\" stroke-miterlimit=\"10\" stroke-width=\"2\" stroke=\"\" d=\"M9 8.5C7.23 8.97 6.07 10.84 6.01 13.27C6 13.33 6 13.4 6 13.47V13.5\"></path>\n<path stroke-linejoin=\"round\" stroke-linecap=\"round\" stroke-miterlimit=\"10\" stroke-width=\"2\" stroke=\"\" d=\"M15.97 11.5H16.04C17.12 11.5 18 12.38 18 13.47V13.53C18 14.62 17.12 15.5 16.03 15.5H15.96C14.88 15.5 14 14.62 14 13.53V13.46C14 12.38 14.88 11.5 15.97 11.5Z\"></path>\n<path stroke-linejoin=\"round\" stroke-linecap=\"round\" stroke-miterlimit=\"10\" stroke-width=\"2\" stroke=\"\" d=\"M7.97 11.5H8.04C9.12 11.5 10 12.38 10 13.47V13.53C10 14.62 9.12 15.5 8.03 15.5H7.97C6.88 15.5 6 14.62 6 13.53V13.46C6 12.38 6.88 11.5 7.97 11.5Z\"></path>\n</svg>\n</span><h3 id=\"开启新版本迭代\"><a href=\"#开启新版本迭代\" class=\"headerlink\" title=\"开启新版本迭代\"></a>开启新版本迭代</h3><p><img src=\"https://cdn.jsdelivr.net/gh/hehuixiong/image-host/start_agile.png\"></p></blockquote>\n<h4 id=\"操作步骤\"><a href=\"#操作步骤\" class=\"headerlink\" title=\"操作步骤\"></a>操作步骤</h4><ol>\n<li>从master分支创建一个版本分支</li>\n<li>创建版本分支后根据不同的端做不同的处理<ul>\n<li>前端：需要把接口版本好改为当前迭代的接口版本号</li>\n<li>后端：先创建对应当前迭代的接口版本好控制器和路由，然后合并就版本的控制器更变。</li>\n</ul>\n</li>\n</ol>\n<blockquote><span class=\"custom-blockquote-svg\"><svg width=\"24\" height=\"24\" viewBox=\"0 0 24 24\" fill=\"\" xmlns=\"http://www.w3.org/2000/svg\" data-reactroot=\"\">\n<path fill=\"\" d=\"M22 12C22 6.5 17.5 2 12 2C6.5 2 2 6.5 2 12C2 17.5 6.5 22 12 22C13.8 22 15.5 21.5 17 20.6L22 22L20.7 17C21.5 15.5 22 13.8 22 12Z\" undefined=\"1\"></path>\n<path fill=\"\" d=\"M15.97 11.5H16.04C17.12 11.5 18 12.38 18 13.47V13.53C18 14.62 17.12 15.5 16.03 15.5H15.96C14.88 15.5 14 14.62 14 13.53V13.46C14 12.38 14.88 11.5 15.97 11.5Z\" undefined=\"1\"></path>\n<path fill=\"\" d=\"M7.97 11.5H8.04C9.12 11.5 10 12.38 10 13.47V13.53C10 14.62 9.12 15.5 8.03 15.5H7.97C6.88 15.5 6 14.62 6 13.53V13.46C6 12.38 6.88 11.5 7.97 11.5Z\" undefined=\"1\"></path>\n<path stroke-linejoin=\"round\" stroke-linecap=\"round\" stroke-miterlimit=\"10\" stroke-width=\"2\" stroke=\"\" d=\"M17 8.5C15.23 8.97 14.07 10.84 14.01 13.27C14 13.33 14 13.4 14 13.47V13.5\"></path>\n<path stroke-linejoin=\"round\" stroke-linecap=\"round\" stroke-miterlimit=\"10\" stroke-width=\"2\" stroke=\"\" d=\"M9 8.5C7.23 8.97 6.07 10.84 6.01 13.27C6 13.33 6 13.4 6 13.47V13.5\"></path>\n<path stroke-linejoin=\"round\" stroke-linecap=\"round\" stroke-miterlimit=\"10\" stroke-width=\"2\" stroke=\"\" d=\"M15.97 11.5H16.04C17.12 11.5 18 12.38 18 13.47V13.53C18 14.62 17.12 15.5 16.03 15.5H15.96C14.88 15.5 14 14.62 14 13.53V13.46C14 12.38 14.88 11.5 15.97 11.5Z\"></path>\n<path stroke-linejoin=\"round\" stroke-linecap=\"round\" stroke-miterlimit=\"10\" stroke-width=\"2\" stroke=\"\" d=\"M7.97 11.5H8.04C9.12 11.5 10 12.38 10 13.47V13.53C10 14.62 9.12 15.5 8.03 15.5H7.97C6.88 15.5 6 14.62 6 13.53V13.46C6 12.38 6.88 11.5 7.97 11.5Z\"></path>\n</svg>\n</span><h3 id=\"开发周期版本提测-bug修复提测\"><a href=\"#开发周期版本提测-bug修复提测\" class=\"headerlink\" title=\"开发周期版本提测/bug修复提测\"></a>开发周期版本提测/bug修复提测</h3><p><img src=\"https://cdn.jsdelivr.net/gh/hehuixiong/image-host/agile_qa_start.png\"></p></blockquote>\n<pre><code>提验收必须从版本分支合并qa分支\n</code></pre>\n<h4 id=\"操作步骤-1\"><a href=\"#操作步骤-1\" class=\"headerlink\" title=\"操作步骤\"></a>操作步骤</h4><ol>\n<li>版本分支合并(merge)对应的测试分支(qa)</li>\n<li>版本分支代码合并后对应的qa环境会自动部署代码到对应的环境服务器上</li>\n</ol>\n<blockquote><span class=\"custom-blockquote-svg\"><svg width=\"24\" height=\"24\" viewBox=\"0 0 24 24\" fill=\"\" xmlns=\"http://www.w3.org/2000/svg\" data-reactroot=\"\">\n<path fill=\"\" d=\"M22 12C22 6.5 17.5 2 12 2C6.5 2 2 6.5 2 12C2 17.5 6.5 22 12 22C13.8 22 15.5 21.5 17 20.6L22 22L20.7 17C21.5 15.5 22 13.8 22 12Z\" undefined=\"1\"></path>\n<path fill=\"\" d=\"M15.97 11.5H16.04C17.12 11.5 18 12.38 18 13.47V13.53C18 14.62 17.12 15.5 16.03 15.5H15.96C14.88 15.5 14 14.62 14 13.53V13.46C14 12.38 14.88 11.5 15.97 11.5Z\" undefined=\"1\"></path>\n<path fill=\"\" d=\"M7.97 11.5H8.04C9.12 11.5 10 12.38 10 13.47V13.53C10 14.62 9.12 15.5 8.03 15.5H7.97C6.88 15.5 6 14.62 6 13.53V13.46C6 12.38 6.88 11.5 7.97 11.5Z\" undefined=\"1\"></path>\n<path stroke-linejoin=\"round\" stroke-linecap=\"round\" stroke-miterlimit=\"10\" stroke-width=\"2\" stroke=\"\" d=\"M17 8.5C15.23 8.97 14.07 10.84 14.01 13.27C14 13.33 14 13.4 14 13.47V13.5\"></path>\n<path stroke-linejoin=\"round\" stroke-linecap=\"round\" stroke-miterlimit=\"10\" stroke-width=\"2\" stroke=\"\" d=\"M9 8.5C7.23 8.97 6.07 10.84 6.01 13.27C6 13.33 6 13.4 6 13.47V13.5\"></path>\n<path stroke-linejoin=\"round\" stroke-linecap=\"round\" stroke-miterlimit=\"10\" stroke-width=\"2\" stroke=\"\" d=\"M15.97 11.5H16.04C17.12 11.5 18 12.38 18 13.47V13.53C18 14.62 17.12 15.5 16.03 15.5H15.96C14.88 15.5 14 14.62 14 13.53V13.46C14 12.38 14.88 11.5 15.97 11.5Z\"></path>\n<path stroke-linejoin=\"round\" stroke-linecap=\"round\" stroke-miterlimit=\"10\" stroke-width=\"2\" stroke=\"\" d=\"M7.97 11.5H8.04C9.12 11.5 10 12.38 10 13.47V13.53C10 14.62 9.12 15.5 8.03 15.5H7.97C6.88 15.5 6 14.62 6 13.53V13.46C6 12.38 6.88 11.5 7.97 11.5Z\"></path>\n</svg>\n</span><h3 id=\"开发周期版本提验收-bug修复提验收\"><a href=\"#开发周期版本提验收-bug修复提验收\" class=\"headerlink\" title=\"开发周期版本提验收/bug修复提验收\"></a>开发周期版本提验收/bug修复提验收</h3><p><img src=\"https://cdn.jsdelivr.net/gh/hehuixiong/image-host/agile_stage_start.png\"></p></blockquote>\n<pre><code>提测必须从版本分支合并验收(release)分支\n</code></pre>\n<h4 id=\"操作步骤-2\"><a href=\"#操作步骤-2\" class=\"headerlink\" title=\"操作步骤\"></a>操作步骤</h4><ol>\n<li>版本分支合并(merge)验收分支(release)</li>\n<li>版本分支代码合并release环境会自动部署代码到环境服务器上<ul>\n<li>如果是修复bug，就要先合并对应的qa分支后合并release分支。</li>\n</ul>\n</li>\n</ol>\n<blockquote><span class=\"custom-blockquote-svg\"><svg width=\"24\" height=\"24\" viewBox=\"0 0 24 24\" fill=\"\" xmlns=\"http://www.w3.org/2000/svg\" data-reactroot=\"\">\n<path fill=\"\" d=\"M22 12C22 6.5 17.5 2 12 2C6.5 2 2 6.5 2 12C2 17.5 6.5 22 12 22C13.8 22 15.5 21.5 17 20.6L22 22L20.7 17C21.5 15.5 22 13.8 22 12Z\" undefined=\"1\"></path>\n<path fill=\"\" d=\"M15.97 11.5H16.04C17.12 11.5 18 12.38 18 13.47V13.53C18 14.62 17.12 15.5 16.03 15.5H15.96C14.88 15.5 14 14.62 14 13.53V13.46C14 12.38 14.88 11.5 15.97 11.5Z\" undefined=\"1\"></path>\n<path fill=\"\" d=\"M7.97 11.5H8.04C9.12 11.5 10 12.38 10 13.47V13.53C10 14.62 9.12 15.5 8.03 15.5H7.97C6.88 15.5 6 14.62 6 13.53V13.46C6 12.38 6.88 11.5 7.97 11.5Z\" undefined=\"1\"></path>\n<path stroke-linejoin=\"round\" stroke-linecap=\"round\" stroke-miterlimit=\"10\" stroke-width=\"2\" stroke=\"\" d=\"M17 8.5C15.23 8.97 14.07 10.84 14.01 13.27C14 13.33 14 13.4 14 13.47V13.5\"></path>\n<path stroke-linejoin=\"round\" stroke-linecap=\"round\" stroke-miterlimit=\"10\" stroke-width=\"2\" stroke=\"\" d=\"M9 8.5C7.23 8.97 6.07 10.84 6.01 13.27C6 13.33 6 13.4 6 13.47V13.5\"></path>\n<path stroke-linejoin=\"round\" stroke-linecap=\"round\" stroke-miterlimit=\"10\" stroke-width=\"2\" stroke=\"\" d=\"M15.97 11.5H16.04C17.12 11.5 18 12.38 18 13.47V13.53C18 14.62 17.12 15.5 16.03 15.5H15.96C14.88 15.5 14 14.62 14 13.53V13.46C14 12.38 14.88 11.5 15.97 11.5Z\"></path>\n<path stroke-linejoin=\"round\" stroke-linecap=\"round\" stroke-miterlimit=\"10\" stroke-width=\"2\" stroke=\"\" d=\"M7.97 11.5H8.04C9.12 11.5 10 12.38 10 13.47V13.53C10 14.62 9.12 15.5 8.03 15.5H7.97C6.88 15.5 6 14.62 6 13.53V13.46C6 12.38 6.88 11.5 7.97 11.5Z\"></path>\n</svg>\n</span><h3 id=\"使用前版本修复上线流程\"><a href=\"#使用前版本修复上线流程\" class=\"headerlink\" title=\"使用前版本修复上线流程\"></a>使用前版本修复上线流程</h3><p><img src=\"https://cdn.jsdelivr.net/gh/hehuixiong/image-host/agile_bugfix.png\"></p></blockquote>\n<h4 id=\"操作步骤-3\"><a href=\"#操作步骤-3\" class=\"headerlink\" title=\"操作步骤\"></a>操作步骤</h4><ol>\n<li>使用当前<code>正式所在的版本</code>找到对应的<code>版本分支</code>作为修复分支</li>\n<li>修复完成后合并对应的qa环境提测，然后提醒测试开始回归测试修复</li>\n<li>测试环境测试通过后把修复分支合并release分支，然后提醒测试在验收环境验收修复</li>\n<li>验收通过后，就可以通知开发组长以上的负责人合并master分支上线，然后通知测试在线上回归测试</li>\n<li>在线上回归通过后，就可以把修复分支分别合并到<code>当前迭代版本分支</code></li>\n</ol>\n<blockquote>\n<h3 id=\"紧急修复上线流程\"><a href=\"#紧急修复上线流程\" class=\"headerlink\" title=\"紧急修复上线流程\"></a>紧急修复上线流程</h3></blockquote>\n<ul>\n<li>如果当前bug是很严重的，影响到用户使用的才需要使用紧急修复上线流程</li>\n<li>紧急修复上线必须先创建紧急修复(hotfix)分支<br><img src=\"https://cdn.jsdelivr.net/gh/hehuixiong/image-host/agile_hotfix.png\"></li>\n</ul>\n<h4 id=\"操作步骤-4\"><a href=\"#操作步骤-4\" class=\"headerlink\" title=\"操作步骤\"></a>操作步骤</h4><ol>\n<li>首先使用master分支创建紧急修复分支(hotfix/xxxx) - 使用<code>hotfix</code>前缀</li>\n<li>修复完成后合并对应的qa环境提测，然后提醒测试开始回归测试修复</li>\n<li>测试环境测试通过后把修复分支合并release分支，然后提醒测试在验收环境验收修复</li>\n<li>验收通过后，就可以通知开发组长以上的负责人合并master分支上线，然后通知测试在线上回归测试</li>\n<li>在线上回归通过后，就可以把修复分支分别合并到<code>前版本分支</code>和<code>当前迭代版本分支</code></li>\n<li>最后在<code>本地(local)</code>和<code>远程(origin)</code>删除修复分支</li>\n</ol>\n<blockquote>\n<h3 id=\"后端代码部署操作流程\"><a href=\"#后端代码部署操作流程\" class=\"headerlink\" title=\"后端代码部署操作流程\"></a>后端代码部署操作流程</h3></blockquote>\n<ul>\n<li>因为后端把不同模块都独立成一个composer包，所以git合并和部署流程跟前端是有区别的。这里分开来说明流程。<br><img src=\"https://cdn.jsdelivr.net/gh/hehuixiong/image-host/agile_backend_git.png\"></li>\n</ul>\n<h4 id=\"操作步骤-5\"><a href=\"#操作步骤-5\" class=\"headerlink\" title=\"操作步骤\"></a>操作步骤</h4><ol>\n<li>首先用每个<code>模块</code>的<code>版本分支</code>合并对应的qa分支</li>\n<li>然后切换到<code>Foundation</code>应用，然后推送对应的环境发起环境部署<ul>\n<li>如果涉及多个模块需要同时发布，那就先把所有模块先合并好环境分支，然后再推Foundation。因为Foundation的某个环境启动了部署，必须部署完后才能发起下一次部署。</li>\n</ul>\n</li>\n</ol>\n","text":"耀企GIT使用规范 v2.0 Git usage standards version 2.0 介绍每一个优秀的开发团队都会用到一套代码管理工具。根据目前最流行的代码管理工具非GIT莫属。不例外耀企团队绝对使用最优秀的规范和工具。根据耀企项目的具体部署环境，开发规范，我们有一套自己...","link":"","photos":[],"count_time":{"symbolsCount":"1.9k","symbolsTime":"2 mins."},"categories":[],"tags":[{"name":"git","slug":"git","count":1,"path":"api/tags/git.json"}],"toc":"<ol class=\"toc\"><li class=\"toc-item toc-level-1\"><a class=\"toc-link\" href=\"#%E8%80%80%E4%BC%81GIT%E4%BD%BF%E7%94%A8%E8%A7%84%E8%8C%83-v2-0\"><span class=\"toc-text\">耀企GIT使用规范 v2.0</span></a></li><li class=\"toc-item toc-level-1\"><a class=\"toc-link\" href=\"#%E4%BB%8B%E7%BB%8D\"><span class=\"toc-text\">介绍</span></a></li><li class=\"toc-item toc-level-1\"><a class=\"toc-link\" href=\"#%E6%95%8F%E6%8D%B7%E8%BF%AD%E4%BB%A3\"><span class=\"toc-text\">敏捷迭代</span></a><ol class=\"toc-child\"><li class=\"toc-item toc-level-4\"><a class=\"toc-link\" href=\"#%E4%BB%80%E4%B9%88%E6%98%AF%E6%95%8F%E6%8D%B7%E8%BF%AD%E4%BB%A3%EF%BC%9F\"><span class=\"toc-text\">什么是敏捷迭代？</span></a></li><li class=\"toc-item toc-level-4\"><a class=\"toc-link\" href=\"#%E5%BC%80%E5%8F%91%E7%8E%AF%E5%A2%83\"><span class=\"toc-text\">开发环境</span></a></li></ol></li></ol></li></ol></li><li class=\"toc-item toc-level-1\"><a class=\"toc-link\" href=\"#Git%E6%93%8D%E4%BD%9C%E5%9C%BA%E6%99%AF\"><span class=\"toc-text\">Git操作场景</span></a><ol class=\"toc-child\"><li class=\"toc-item toc-level-3\"><a class=\"toc-link\" href=\"#%E5%BC%80%E5%90%AF%E6%96%B0%E7%89%88%E6%9C%AC%E8%BF%AD%E4%BB%A3\"><span class=\"toc-text\">开启新版本迭代</span></a><ol class=\"toc-child\"><li class=\"toc-item toc-level-4\"><a class=\"toc-link\" href=\"#%E6%93%8D%E4%BD%9C%E6%AD%A5%E9%AA%A4\"><span class=\"toc-text\">操作步骤</span></a></li></ol></li><li class=\"toc-item toc-level-3\"><a class=\"toc-link\" href=\"#%E5%BC%80%E5%8F%91%E5%91%A8%E6%9C%9F%E7%89%88%E6%9C%AC%E6%8F%90%E6%B5%8B-bug%E4%BF%AE%E5%A4%8D%E6%8F%90%E6%B5%8B\"><span class=\"toc-text\">开发周期版本提测&#x2F;bug修复提测</span></a><ol class=\"toc-child\"><li class=\"toc-item toc-level-4\"><a class=\"toc-link\" href=\"#%E6%93%8D%E4%BD%9C%E6%AD%A5%E9%AA%A4-1\"><span class=\"toc-text\">操作步骤</span></a></li></ol></li><li class=\"toc-item toc-level-3\"><a class=\"toc-link\" href=\"#%E5%BC%80%E5%8F%91%E5%91%A8%E6%9C%9F%E7%89%88%E6%9C%AC%E6%8F%90%E9%AA%8C%E6%94%B6-bug%E4%BF%AE%E5%A4%8D%E6%8F%90%E9%AA%8C%E6%94%B6\"><span class=\"toc-text\">开发周期版本提验收&#x2F;bug修复提验收</span></a><ol class=\"toc-child\"><li class=\"toc-item toc-level-4\"><a class=\"toc-link\" href=\"#%E6%93%8D%E4%BD%9C%E6%AD%A5%E9%AA%A4-2\"><span class=\"toc-text\">操作步骤</span></a></li></ol></li><li class=\"toc-item toc-level-3\"><a class=\"toc-link\" href=\"#%E4%BD%BF%E7%94%A8%E5%89%8D%E7%89%88%E6%9C%AC%E4%BF%AE%E5%A4%8D%E4%B8%8A%E7%BA%BF%E6%B5%81%E7%A8%8B\"><span class=\"toc-text\">使用前版本修复上线流程</span></a><ol class=\"toc-child\"><li class=\"toc-item toc-level-4\"><a class=\"toc-link\" href=\"#%E6%93%8D%E4%BD%9C%E6%AD%A5%E9%AA%A4-3\"><span class=\"toc-text\">操作步骤</span></a></li></ol></li><li class=\"toc-item toc-level-3\"><a class=\"toc-link\" href=\"#%E7%B4%A7%E6%80%A5%E4%BF%AE%E5%A4%8D%E4%B8%8A%E7%BA%BF%E6%B5%81%E7%A8%8B\"><span class=\"toc-text\">紧急修复上线流程</span></a><ol class=\"toc-child\"><li class=\"toc-item toc-level-4\"><a class=\"toc-link\" href=\"#%E6%93%8D%E4%BD%9C%E6%AD%A5%E9%AA%A4-4\"><span class=\"toc-text\">操作步骤</span></a></li></ol></li><li class=\"toc-item toc-level-3\"><a class=\"toc-link\" href=\"#%E5%90%8E%E7%AB%AF%E4%BB%A3%E7%A0%81%E9%83%A8%E7%BD%B2%E6%93%8D%E4%BD%9C%E6%B5%81%E7%A8%8B\"><span class=\"toc-text\">后端代码部署操作流程</span></a><ol class=\"toc-child\"><li class=\"toc-item toc-level-4\"><a class=\"toc-link\" href=\"#%E6%93%8D%E4%BD%9C%E6%AD%A5%E9%AA%A4-5\"><span class=\"toc-text\">操作步骤</span></a></li></ol></li></ol></li></ol></li></ol>","author":{"name":"络擎","slug":"blog-author","avatar":"https://img-blog.csdnimg.cn/20210313122054101.png","link":"/","description":"Think like an artist, develop like an artisan.","socials":{"github":"https://github.com/NetEngine","twitter":"","stackoverflow":"","wechat":"","qq":"","weibo":"https://weibo.com/","zhihu":"https://www.zhihu.com","csdn":"https://blog.csdn.net","juejin":"https://juejin.cn","customs":{}}},"mapped":true,"prev_post":{"title":"前端技能训练: 重构一","uid":"1ac99b79c3bc762da636a204d3bcafcf","slug":"2020-01-18-web-refactoring-1","date":"2020-01-18T05:08:43.000Z","updated":"2021-08-27T09:46:32.000Z","comments":true,"path":"api/articles/2020-01-18-web-refactoring-1.json","keywords":null,"cover":"https://cdn.jsdelivr.net/gh/hehuixiong/image-host/article/refactor.jpeg","text":"或许你应该知道了，重构是怎样的，你也知道重构能带来什么。在我刚开始学重构和设计模式的时候，我需要去找一些好的示例，以便于我更好的学习。有时候不得不创造一些更好的场景，来实现这些功能。 有一天，我发现当我需要我一次又一次地重复讲述某些内容，于是我就计划着把这些应该掌握的技能放到Gi...","link":"","photos":[],"count_time":{"symbolsCount":"3.9k","symbolsTime":"4 mins."},"categories":[{"name":"前端优化","slug":"前端优化","count":1,"path":"api/categories/前端优化.json"}],"tags":[{"name":"css","slug":"css","count":1,"path":"api/tags/css.json"},{"name":"javaScript","slug":"javaScript","count":1,"path":"api/tags/javaScript.json"},{"name":"html","slug":"html","count":1,"path":"api/tags/html.json"},{"name":"vue.js","slug":"vue-js","count":1,"path":"api/tags/vue-js.json"},{"name":"elementui","slug":"elementui","count":1,"path":"api/tags/elementui.json"}],"author":{"name":"络擎","slug":"blog-author","avatar":"https://img-blog.csdnimg.cn/20210313122054101.png","link":"/","description":"Think like an artist, develop like an artisan.","socials":{"github":"https://github.com/NetEngine","twitter":"","stackoverflow":"","wechat":"","qq":"","weibo":"https://weibo.com/","zhihu":"https://www.zhihu.com","csdn":"https://blog.csdn.net","juejin":"https://juejin.cn","customs":{}}}},"next_post":{}}