{"title":"前端技能训练: 重构一","uid":"1ac99b79c3bc762da636a204d3bcafcf","slug":"2020-01-18-web-refactoring-1","date":"2020-01-18T05:08:43.000Z","updated":"2021-08-27T09:46:32.000Z","comments":true,"path":"api/articles/2020-01-18-web-refactoring-1.json","keywords":null,"cover":"https://cdn.jsdelivr.net/gh/hehuixiong/image-host/article/refactor.jpeg","content":"<p>或许你应该知道了，重构是怎样的，你也知道重构能带来什么。在我刚开始学重构和设计模式的时候，我需要去找一些好的示例，以便于我更好的学习。有时候不得不创造一些更好的场景，来实现这些功能。</p>\n<p>有一天，我发现当我需要我一次又一次地重复讲述某些内容，于是我就计划着把这些应该掌握的技能放到Github上，也就有了[Artisan Stack] 计划。</p>\n<p>每个程序员都不可避免地是一个Coder，一个没有掌握好技能的Coder，算不上是手工艺人，但是是手工人。</p>\n<p>艺，需要有创造性的方法。</p>\n<h1 id=\"前端技能训练-重构一\"><a href=\"#前端技能训练-重构一\" class=\"headerlink\" title=\"前端技能训练: 重构一\"></a><a href=\"\">前端技能训练: 重构一</a></h1><h2 id=\"为什么重构\"><a href=\"#为什么重构\" class=\"headerlink\" title=\"为什么重构?\"></a>为什么重构?</h2><blockquote><span class=\"custom-blockquote-svg\"><svg width=\"24\" height=\"24\" viewBox=\"0 0 24 24\" fill=\"\" xmlns=\"http://www.w3.org/2000/svg\" data-reactroot=\"\">\n<path fill=\"\" d=\"M22 12C22 6.5 17.5 2 12 2C6.5 2 2 6.5 2 12C2 17.5 6.5 22 12 22C13.8 22 15.5 21.5 17 20.6L22 22L20.7 17C21.5 15.5 22 13.8 22 12Z\" undefined=\"1\"></path>\n<path fill=\"\" d=\"M15.97 11.5H16.04C17.12 11.5 18 12.38 18 13.47V13.53C18 14.62 17.12 15.5 16.03 15.5H15.96C14.88 15.5 14 14.62 14 13.53V13.46C14 12.38 14.88 11.5 15.97 11.5Z\" undefined=\"1\"></path>\n<path fill=\"\" d=\"M7.97 11.5H8.04C9.12 11.5 10 12.38 10 13.47V13.53C10 14.62 9.12 15.5 8.03 15.5H7.97C6.88 15.5 6 14.62 6 13.53V13.46C6 12.38 6.88 11.5 7.97 11.5Z\" undefined=\"1\"></path>\n<path stroke-linejoin=\"round\" stroke-linecap=\"round\" stroke-miterlimit=\"10\" stroke-width=\"2\" stroke=\"\" d=\"M17 8.5C15.23 8.97 14.07 10.84 14.01 13.27C14 13.33 14 13.4 14 13.47V13.5\"></path>\n<path stroke-linejoin=\"round\" stroke-linecap=\"round\" stroke-miterlimit=\"10\" stroke-width=\"2\" stroke=\"\" d=\"M9 8.5C7.23 8.97 6.07 10.84 6.01 13.27C6 13.33 6 13.4 6 13.47V13.5\"></path>\n<path stroke-linejoin=\"round\" stroke-linecap=\"round\" stroke-miterlimit=\"10\" stroke-width=\"2\" stroke=\"\" d=\"M15.97 11.5H16.04C17.12 11.5 18 12.38 18 13.47V13.53C18 14.62 17.12 15.5 16.03 15.5H15.96C14.88 15.5 14 14.62 14 13.53V13.46C14 12.38 14.88 11.5 15.97 11.5Z\"></path>\n<path stroke-linejoin=\"round\" stroke-linecap=\"round\" stroke-miterlimit=\"10\" stroke-width=\"2\" stroke=\"\" d=\"M7.97 11.5H8.04C9.12 11.5 10 12.38 10 13.47V13.53C10 14.62 9.12 15.5 8.03 15.5H7.97C6.88 15.5 6 14.62 6 13.53V13.46C6 12.38 6.88 11.5 7.97 11.5Z\"></path>\n</svg>\n</span><p>为了更好的代码。</p></blockquote>\n<p>在经历了一年多的工作之后，我平时的主要工作就是修Bug。刚开始的时候觉得无聊，后来才发现修Bug需要更好的技术。有时候你可能要面对着一坨一坨的代码，有时候你可能要花几天的时间去阅读代码。而，你重写那几十代码可能只会花上你不到一天的时间。但是如果你没办法理解当时为什么这么做，你的修改只会带来更多的bug。修Bug，更多的是维护代码。还是前人总结的那句话对:</p>\n<blockquote><span class=\"custom-blockquote-svg\"><svg width=\"24\" height=\"24\" viewBox=\"0 0 24 24\" fill=\"\" xmlns=\"http://www.w3.org/2000/svg\" data-reactroot=\"\">\n<path fill=\"\" d=\"M22 12C22 6.5 17.5 2 12 2C6.5 2 2 6.5 2 12C2 17.5 6.5 22 12 22C13.8 22 15.5 21.5 17 20.6L22 22L20.7 17C21.5 15.5 22 13.8 22 12Z\" undefined=\"1\"></path>\n<path fill=\"\" d=\"M15.97 11.5H16.04C17.12 11.5 18 12.38 18 13.47V13.53C18 14.62 17.12 15.5 16.03 15.5H15.96C14.88 15.5 14 14.62 14 13.53V13.46C14 12.38 14.88 11.5 15.97 11.5Z\" undefined=\"1\"></path>\n<path fill=\"\" d=\"M7.97 11.5H8.04C9.12 11.5 10 12.38 10 13.47V13.53C10 14.62 9.12 15.5 8.03 15.5H7.97C6.88 15.5 6 14.62 6 13.53V13.46C6 12.38 6.88 11.5 7.97 11.5Z\" undefined=\"1\"></path>\n<path stroke-linejoin=\"round\" stroke-linecap=\"round\" stroke-miterlimit=\"10\" stroke-width=\"2\" stroke=\"\" d=\"M17 8.5C15.23 8.97 14.07 10.84 14.01 13.27C14 13.33 14 13.4 14 13.47V13.5\"></path>\n<path stroke-linejoin=\"round\" stroke-linecap=\"round\" stroke-miterlimit=\"10\" stroke-width=\"2\" stroke=\"\" d=\"M9 8.5C7.23 8.97 6.07 10.84 6.01 13.27C6 13.33 6 13.4 6 13.47V13.5\"></path>\n<path stroke-linejoin=\"round\" stroke-linecap=\"round\" stroke-miterlimit=\"10\" stroke-width=\"2\" stroke=\"\" d=\"M15.97 11.5H16.04C17.12 11.5 18 12.38 18 13.47V13.53C18 14.62 17.12 15.5 16.03 15.5H15.96C14.88 15.5 14 14.62 14 13.53V13.46C14 12.38 14.88 11.5 15.97 11.5Z\"></path>\n<path stroke-linejoin=\"round\" stroke-linecap=\"round\" stroke-miterlimit=\"10\" stroke-width=\"2\" stroke=\"\" d=\"M7.97 11.5H8.04C9.12 11.5 10 12.38 10 13.47V13.53C10 14.62 9.12 15.5 8.03 15.5H7.97C6.88 15.5 6 14.62 6 13.53V13.46C6 12.38 6.88 11.5 7.97 11.5Z\"></path>\n</svg>\n</span><p>写代码容易，读代码难。</p></blockquote>\n<p>假设我们写这些代码只要半天，而别人读起来要一天。为什么不试着用一天的时候去写这些代码，让别人花半天或者更少的时间来理解。</p>\n<p>如果你的代码已经上线，虽然是一坨坨的。但是不要轻易尝试，<code>没有测试的重构</code>。</p>\n<p>从前端开始的原因在于，写得一坨坨且最不容易测试的代码都在前端。</p>\n<p>让我们来看看我们的第一个训练，相当有挑战性。</p>\n<h2 id=\"重构uMarkdown\"><a href=\"#重构uMarkdown\" class=\"headerlink\" title=\"重构uMarkdown\"></a>重构uMarkdown</h2><p>代码及setup请见github: [js-refactor]</p>\n<h3 id=\"代码说明\"><a href=\"#代码说明\" class=\"headerlink\" title=\"代码说明\"></a>代码说明</h3><p><code>uMarkdown</code>是一个用于将Markdown转化为HTML的库。代码看上去就像一个很典型的过程代码:</p>\n<pre><code>/* code */\nwhile ((stra = micromarkdown.regexobject.code.exec(str)) !== null) &#123;\n  str = str.replace(stra[0], &#39;&lt;code&gt;\\n&#39; + micromarkdown.htmlEncode(stra[1]).replace(/\\n/gm, &#39;&lt;br/&gt;&#39;).replace(/\\ /gm, &#39;&amp;nbsp;&#39;) + &#39;&lt;/code&gt;\\n&#39;);\n&#125;\n\n/* headlines */\nwhile ((stra = micromarkdown.regexobject.headline.exec(str)) !== null) &#123;\n  count = stra[1].length;\n  str = str.replace(stra[0], &#39;&lt;h&#39; + count + &#39;&gt;&#39; + stra[2] + &#39;&lt;/h&#39; + count + &#39;&gt;&#39; + &#39;\\n&#39;);\n&#125;\n\n/* mail */\nwhile ((stra = micromarkdown.regexobject.mail.exec(str)) !== null) &#123;\n  str = str.replace(stra[0], &#39;&lt;a href=&quot;mailto:&#39; + stra[1] + &#39;&quot;&gt;&#39; + stra[1] + &#39;&lt;/a&gt;&#39;);\n&#125;\n</code></pre>\n<p>选这个做重构的开始，不仅仅是因为之前在写[EchoesWorks]的时候进行了很多的重构。而且它更适合于，<code>重构到设计模式</code>的理论。让我们在重构完之后，给作者进行pull request吧。</p>\n<p>Markdown的解析过程，有点类似于<code>Pipe and Filters</code>模式(架构模式)。</p>\n<p>Filter即我们在代码中看到的正规表达式集:</p>\n<pre><code>regexobject: &#123;\n    headline: /^(\\#&#123;1,6&#125;)([^\\#\\n]+)$/m,\n    code: /\\s\\`\\`\\`\\n?([^`]+)\\`\\`\\`/g\n</code></pre>\n<p>他会匹配对应的Markdown类型，随后进行替换和处理。而``str```，就是管理口的输入和输出。</p>\n<p>接着，我们就可以对其进行简单的重构。</p>\n<h3 id=\"重构\"><a href=\"#重构\" class=\"headerlink\" title=\"重构\"></a>重构</h3><p>(ps: 推荐用WebStrom来做重构，自带重构功能)</p>\n<p>作为一个示例，我们先提出codeHandler方法，即将上面的</p>\n<pre><code>/* code */\nwhile ((stra = micromarkdown.regexobject.code.exec(str)) !== null) &#123;\n  str = str.replace(stra[0], &#39;&lt;code&gt;\\n&#39; + micromarkdown.htmlEncode(stra[1]).replace(/\\n/gm, &#39;&lt;br/&gt;&#39;).replace(/\\ /gm, &#39;&amp;nbsp;&#39;) + &#39;&lt;/code&gt;\\n&#39;);\n&#125;\n</code></pre>\n<p>提取方法成</p>\n<pre><code>codeFilter: function (str, stra) &#123;\n    return str.replace(stra[0], &#39;&lt;code&gt;\\n&#39; + micromarkdown.htmlEncode(stra[1]).replace(/\\n/gm, &#39;&lt;br/&gt;&#39;).replace(/\\ /gm, &#39;&amp;nbsp;&#39;) + &#39;&lt;/code&gt;\\n&#39;);\n  &#125;,\n</code></pre>\n<p>while语句就成了</p>\n<pre><code>  while ((stra = regexobject.code.exec(str)) !== null) &#123;\n        str = this.codeFilter(str, stra);\n    &#125;\n</code></pre>\n<p>然后，运行所有的测试。</p>\n<pre><code>grunt test\n</code></pre>\n<p>同理我们就可以<code>mail</code>、<code>headline</code>等方法进行重构。接着就会变成类似于下面的代码，</p>\n<pre><code>  /* code */\n  while ((execStr = regExpObject.code.exec(str)) !== null) &#123;\n    str = codeHandler(str, execStr);\n  &#125;\n\n  /* headlines */\n  while ((execStr = regExpObject.headline.exec(str)) !== null) &#123;\n    str = headlineHandler(str, execStr);\n  &#125;\n\n  /* lists */\n  while ((execStr = regExpObject.lists.exec(str)) !== null) &#123;\n    str = listHandler(str, execStr);\n  &#125;\n\n  /* tables */\n  while ((execStr = regExpObject.tables.exec(str)) !== null) &#123;\n    str = tableHandler(str, execStr, strict);\n  &#125;\n</code></pre>\n<p>然后你也看到了，上面有一堆重复的代码，接着让我们用JavaScript的<code>奇技浮巧</code>，即apply方法，把上面的重复代码变成。</p>\n<pre><code>    [&#39;code&#39;, &#39;headline&#39;, &#39;lists&#39;, &#39;tables&#39;, &#39;links&#39;, &#39;mail&#39;, &#39;url&#39;, &#39;smlinks&#39;, &#39;hr&#39;].forEach(function (type) &#123;\n        while ((stra = regexobject[type].exec(str)) !== null) &#123;\n            str = that[(type + &#39;Handler&#39;)].apply(that, [stra, str, strict]);\n        &#125;\n    &#125;);\n</code></pre>\n<p>进行测试，blabla，都是过的。</p>\n<pre><code> Markdown\n   ✓ should parse h1~h3\n   ✓ should parse link\n   ✓ should special link\n   ✓ should parse font style\n   ✓ should parse code\n   ✓ should parse ul list\n   ✓ should parse ul table\n   ✓ should return correctly class name\n</code></pre>\n<p>这样，我们就完成第一个重构训练了~~。</p>\n","text":"或许你应该知道了，重构是怎样的，你也知道重构能带来什么。在我刚开始学重构和设计模式的时候，我需要去找一些好的示例，以便于我更好的学习。有时候不得不创造一些更好的场景，来实现这些功能。 有一天，我发现当我需要我一次又一次地重复讲述某些内容，于是我就计划着把这些应该掌握的技能放到Gi...","link":"","photos":[],"count_time":{"symbolsCount":"3.9k","symbolsTime":"4 mins."},"categories":[{"name":"前端优化","slug":"前端优化","count":1,"path":"api/categories/前端优化.json"}],"tags":[{"name":"css","slug":"css","count":1,"path":"api/tags/css.json"},{"name":"javaScript","slug":"javaScript","count":1,"path":"api/tags/javaScript.json"},{"name":"html","slug":"html","count":1,"path":"api/tags/html.json"},{"name":"vue.js","slug":"vue-js","count":1,"path":"api/tags/vue-js.json"},{"name":"elementui","slug":"elementui","count":1,"path":"api/tags/elementui.json"}],"toc":"<ol class=\"toc\"><li class=\"toc-item toc-level-1\"><a class=\"toc-link\" href=\"#%E5%89%8D%E7%AB%AF%E6%8A%80%E8%83%BD%E8%AE%AD%E7%BB%83-%E9%87%8D%E6%9E%84%E4%B8%80\"><span class=\"toc-text\">前端技能训练: 重构一</span></a><ol class=\"toc-child\"><li class=\"toc-item toc-level-2\"><a class=\"toc-link\" href=\"#%E4%B8%BA%E4%BB%80%E4%B9%88%E9%87%8D%E6%9E%84\"><span class=\"toc-text\">为什么重构?</span></a></li><li class=\"toc-item toc-level-2\"><a class=\"toc-link\" href=\"#%E9%87%8D%E6%9E%84uMarkdown\"><span class=\"toc-text\">重构uMarkdown</span></a><ol class=\"toc-child\"><li class=\"toc-item toc-level-3\"><a class=\"toc-link\" href=\"#%E4%BB%A3%E7%A0%81%E8%AF%B4%E6%98%8E\"><span class=\"toc-text\">代码说明</span></a></li><li class=\"toc-item toc-level-3\"><a class=\"toc-link\" href=\"#%E9%87%8D%E6%9E%84\"><span class=\"toc-text\">重构</span></a></li></ol></li></ol></li></ol>","author":{"name":"络擎","slug":"blog-author","avatar":"https://img-blog.csdnimg.cn/20210313122054101.png","link":"/","description":"Think like an artist, develop like an artisan.","socials":{"github":"https://github.com/NetEngine","twitter":"","stackoverflow":"","wechat":"","qq":"","weibo":"https://weibo.com/","zhihu":"https://www.zhihu.com","csdn":"https://blog.csdn.net","juejin":"https://juejin.cn","customs":{}}},"mapped":true,"prev_post":{"title":"谈谈敏捷开发","uid":"ede919be316f4f79677d41980bcb9458","slug":"2020-03-22-about-agility-dev","date":"2020-03-22T04:07:43.000Z","updated":"2021-08-27T09:46:34.000Z","comments":true,"path":"api/articles/2020-03-22-about-agility-dev.json","keywords":null,"cover":"https://cdn.jsdelivr.net/gh/hehuixiong/image-host/article/agility.jpeg","text":" 谈谈敏捷开发 小步快跑、敏捷开发 真实的敏捷开发 后注 谈谈敏捷开发好久没有更新一下博客，最近有在尝试新的领域，可是一直没能积累下什么重要的知识、或者形成了什么重要的知识体系，就没能写下什么有意义的记录。可是很偶然的机会看到一个视频，里面讲述的，乔布斯谈论关于【流程与人才】的理...","link":"","photos":[],"count_time":{"symbolsCount":"2.1k","symbolsTime":"2 mins."},"categories":[{"name":"开发技巧","slug":"开发技巧","count":1,"path":"api/categories/开发技巧.json"}],"tags":[{"name":"agile","slug":"agile","count":1,"path":"api/tags/agile.json"}],"author":{"name":"络擎","slug":"blog-author","avatar":"https://img-blog.csdnimg.cn/20210313122054101.png","link":"/","description":"Think like an artist, develop like an artisan.","socials":{"github":"https://github.com/NetEngine","twitter":"","stackoverflow":"","wechat":"","qq":"","weibo":"https://weibo.com/","zhihu":"https://www.zhihu.com","csdn":"https://blog.csdn.net","juejin":"https://juejin.cn","customs":{}}},"feature":true},"next_post":{}}