{"title":"Mac 破解GitKraken教程","uid":"0c362deea0e7505e0e85786492df47ac","slug":"2021-08-27-mac-gitkraken-tutorial","date":"2021-08-27T07:08:00.000Z","updated":"2021-08-27T07:28:00.888Z","comments":true,"path":"api/articles/2021-08-27-mac-gitkraken-tutorial.json","keywords":null,"cover":"https://cdn.jsdelivr.net/gh/hehuixiong/image-host/gitkraken.jpeg","content":"<h2 id=\"GitKraken是什么？\"><a href=\"#GitKraken是什么？\" class=\"headerlink\" title=\"GitKraken是什么？\"></a>GitKraken是什么？</h2><p>GitKraken是基于Git代码管理的一个UI管理器，拥有非常精美的界面，可以配合Github、Gitee来使用。</p>\n<h2 id=\"下载GitKraken\"><a href=\"#下载GitKraken\" class=\"headerlink\" title=\"下载GitKraken\"></a>下载GitKraken</h2><p>我们选择在GitKraken官网安装最新版本的GitKraken，在官网安装的是收费的，这个时候不要管，先安装一遍（这里有一个小细节的问题，安装官网最新版之后在用破解版，可以免去每次打开登录一遍）</p>\n<h2 id=\"安装GitKraken\"><a href=\"#安装GitKraken\" class=\"headerlink\" title=\"安装GitKraken\"></a>安装GitKraken</h2><p>下载完成后，即可得到一个installGitKraken.dmg文件，双击安装即可，安装完成之后，双击图标打开它。<br>打开之后会出现7天试用期，需要在7天后进行收费，不用管它，打开过就可以关闭了。<br>ps：如果以上步鄹都完成了，就可以跳过直接使用破解版的即可。</p>\n<h2 id=\"使用破解版的GitKraken\"><a href=\"#使用破解版的GitKraken\" class=\"headerlink\" title=\"使用破解版的GitKraken\"></a>使用破解版的GitKraken</h2><p>破解版的GitKraken，我存放在了百度网盘，大家直接下载即可版本是@7.0.0<br>链接: <a href=\"https://pan.baidu.com/s/1VWWlRZNtKw_41x7x-L-k2A\">https://pan.baidu.com/s/1VWWlRZNtKw_41x7x-L-k2A</a> 提取码: giko<br>下载完成之后，双击打开，里面有一个@7.0.0版本的GitKraken，把它拖动到mac访达里的应用程序，然后替换掉。</p>\n<p><img src=\"https://cdn.jsdelivr.net/gh/hehuixiong/image-host/agile_app.jpeg\"><br><font color='red'> 注：双击打开它的时候，会出现文件已损坏（这个时候别将它移到垃圾桶），执行后面的操作 </font></p>\n<h2 id=\"“Mac应用”已损坏，打不开解决办法\"><a href=\"#“Mac应用”已损坏，打不开解决办法\" class=\"headerlink\" title=\"“Mac应用”已损坏，打不开解决办法\"></a>“Mac应用”已损坏，打不开解决办法</h2><p><img src=\"https://cdn.jsdelivr.net/gh/hehuixiong/image-host/mac_damage_01.jpg\"></p>\n<h2 id=\"问题说明：\"><a href=\"#问题说明：\" class=\"headerlink\" title=\"问题说明：\"></a>问题说明：</h2><p>通常在非 Mac App Store下载的软件都会提示“xxx已损坏，打不开。您应将它移到废纸篓”或者“打不开 xxx，因为它来自身份不明的开发者”。<br><img src=\"https://cdn.jsdelivr.net/gh/hehuixiong/image-host/mac_damage_02.jpg\"></p>\n<h2 id=\"原因：\"><a href=\"#原因：\" class=\"headerlink\" title=\"原因：\"></a>原因：</h2><p>Mac电脑启用了安全机制，默认只信任Mac App Store下载的软件以及拥有开发者 ID 签名的软件，但是同时也阻止了没有开发者签名的 “老实软件”</p>\n<h2 id=\"解决方法：\"><a href=\"#解决方法：\" class=\"headerlink\" title=\"解决方法：\"></a>解决方法：</h2><h4 id=\"1-打开任何来源选项\"><a href=\"#1-打开任何来源选项\" class=\"headerlink\" title=\"1.打开任何来源选项\"></a>1.打开任何来源选项</h4><p>打开「终端.app」，输入以下命令并回车，输入开机密码回车</p>\n<pre class=\"line-numbers language-none\"><code class=\"language-none\">sudo spctl --master-disable</code></pre>\n<p>此行代码可以让 Mac 允许安装第三方来源的应用<br><img src=\"https://cdn.jsdelivr.net/gh/hehuixiong/image-host/mac_damage_03.jpg\"></p>\n<h4 id=\"2-macOS-Catalina-10-15系统：\"><a href=\"#2-macOS-Catalina-10-15系统：\" class=\"headerlink\" title=\"2.macOS Catalina 10.15系统：\"></a>2.macOS Catalina 10.15系统：</h4><p>打开「终端.app」，输入以下命令并回车，输入开机密码回车</p>\n<pre class=\"line-numbers language-none\"><code class=\"language-none\">sudo xattr -rd com.apple.quarantine 空格 软件的路径</code></pre>\n<p>如Sketch.app</p>\n<pre class=\"line-numbers language-none\"><code class=\"language-none\">sudo xattr -rd com.apple.quarantine &#x2F;Applications&#x2F;Sketch.app</code></pre>\n<p>如CleanMyMac X.app</p>\n<pre class=\"line-numbers language-none\"><code class=\"language-none\">sudo xattr -rd com.apple.quarantine &#x2F;Applications&#x2F;CleanMyMac X.app</code></pre>\n<p>附1：<br>/Applications/Sketch.app<br>与<br>/Applications/CleanMyMac X.app<br>就是<br>软件的路径<br>附2：<br>软件路径快速获取方法：<br>将软件拖入「终端app」即可获得路径</p>\n<!-- ![](https://cdn.jsdelivr.net/gh/hehuixiong/image-host/mac_damage_04.gif) -->\n<p><img src=\"https://image.iicheese.com/z0pz5.gif\"></p>\n<pre class=\"line-numbers language-none\"><code class=\"language-none\">1</code></pre>\n\n<h4 id=\"3-macOS-Catalina-10-15-4-系统：更新10-15-4系统后软件出现意外退出，可按照下面的方法给软件签名\"><a href=\"#3-macOS-Catalina-10-15-4-系统：更新10-15-4系统后软件出现意外退出，可按照下面的方法给软件签名\" class=\"headerlink\" title=\"3.macOS Catalina 10.15.4 系统：更新10.15.4系统后软件出现意外退出，可按照下面的方法给软件签名\"></a>3.macOS Catalina 10.15.4 系统：更新10.15.4系统后软件出现意外退出，可按照下面的方法给软件签名</h4><ul>\n<li>1.打开「终端app」输入如下命令：<pre class=\"line-numbers language-none\"><code class=\"language-none\">xcode-select --install</code></pre></li>\n<li>2.给软件签名<br>打开终端工具输入并执行如下命令：<pre class=\"line-numbers language-none\"><code class=\"language-none\">sudo codesign --force --deep --sign - (应用路径)</code></pre>\n<img src=\"https://cdn.jsdelivr.net/gh/hehuixiong/image-host/mac_damage_05.jpg\"><br>注意：空格不能漏<br><img src=\"https://cdn.jsdelivr.net/gh/hehuixiong/image-host/mac_damage_06.jpg\"></li>\n<li>3.错误解决<br>如出现以下错误提示：<br><font color='red'> /文件位置 : replacing existing signature </font><br><font color='red'> /文件位置 : resource fork,Finder information,or similar detritus not allowed </font><br>那么，先在终端执行：<pre class=\"line-numbers language-none\"><code class=\"language-none\">xattr -cr &#x2F;文件位置（直接将应用拖进去即可）</code></pre>\n然后再次执行如下指令即可：<pre class=\"line-numbers language-none\"><code class=\"language-none\">codesign --force --deep --sign - &#x2F;文件位置（直接将应用拖进去即可）</code></pre></li>\n</ul>\n","feature":true,"text":"GitKraken是什么？GitKraken是基于Git代码管理的一个UI管理器，拥有非常精美的界面，可以配合Github、Gitee来使用。 下载GitKraken我们选择在GitKraken官网安装最新版本的GitKraken，在官网安装的是收费的，这个时候不要管，先安装一遍...","link":"","photos":["https://cdn.jsdelivr.net/gh/hehuixiong/image-host/gitkraken.jpeg"],"count_time":{"symbolsCount":"1.6k","symbolsTime":"1 mins."},"categories":[],"tags":[{"name":"gitkraken","slug":"gitkraken","count":1,"path":"api/tags/gitkraken.json"}],"toc":"<ol class=\"toc\"><li class=\"toc-item toc-level-2\"><a class=\"toc-link\" href=\"#GitKraken%E6%98%AF%E4%BB%80%E4%B9%88%EF%BC%9F\"><span class=\"toc-text\">GitKraken是什么？</span></a></li><li class=\"toc-item toc-level-2\"><a class=\"toc-link\" href=\"#%E4%B8%8B%E8%BD%BDGitKraken\"><span class=\"toc-text\">下载GitKraken</span></a></li><li class=\"toc-item toc-level-2\"><a class=\"toc-link\" href=\"#%E5%AE%89%E8%A3%85GitKraken\"><span class=\"toc-text\">安装GitKraken</span></a></li><li class=\"toc-item toc-level-2\"><a class=\"toc-link\" href=\"#%E4%BD%BF%E7%94%A8%E7%A0%B4%E8%A7%A3%E7%89%88%E7%9A%84GitKraken\"><span class=\"toc-text\">使用破解版的GitKraken</span></a></li><li class=\"toc-item toc-level-2\"><a class=\"toc-link\" href=\"#%E2%80%9CMac%E5%BA%94%E7%94%A8%E2%80%9D%E5%B7%B2%E6%8D%9F%E5%9D%8F%EF%BC%8C%E6%89%93%E4%B8%8D%E5%BC%80%E8%A7%A3%E5%86%B3%E5%8A%9E%E6%B3%95\"><span class=\"toc-text\">“Mac应用”已损坏，打不开解决办法</span></a></li><li class=\"toc-item toc-level-2\"><a class=\"toc-link\" href=\"#%E9%97%AE%E9%A2%98%E8%AF%B4%E6%98%8E%EF%BC%9A\"><span class=\"toc-text\">问题说明：</span></a></li><li class=\"toc-item toc-level-2\"><a class=\"toc-link\" href=\"#%E5%8E%9F%E5%9B%A0%EF%BC%9A\"><span class=\"toc-text\">原因：</span></a></li><li class=\"toc-item toc-level-2\"><a class=\"toc-link\" href=\"#%E8%A7%A3%E5%86%B3%E6%96%B9%E6%B3%95%EF%BC%9A\"><span class=\"toc-text\">解决方法：</span></a><ol class=\"toc-child\"><li class=\"toc-item toc-level-4\"><a class=\"toc-link\" href=\"#1-%E6%89%93%E5%BC%80%E4%BB%BB%E4%BD%95%E6%9D%A5%E6%BA%90%E9%80%89%E9%A1%B9\"><span class=\"toc-text\">1.打开任何来源选项</span></a></li><li class=\"toc-item toc-level-4\"><a class=\"toc-link\" href=\"#2-macOS-Catalina-10-15%E7%B3%BB%E7%BB%9F%EF%BC%9A\"><span class=\"toc-text\">2.macOS Catalina 10.15系统：</span></a></li><li class=\"toc-item toc-level-4\"><a class=\"toc-link\" href=\"#3-macOS-Catalina-10-15-4-%E7%B3%BB%E7%BB%9F%EF%BC%9A%E6%9B%B4%E6%96%B010-15-4%E7%B3%BB%E7%BB%9F%E5%90%8E%E8%BD%AF%E4%BB%B6%E5%87%BA%E7%8E%B0%E6%84%8F%E5%A4%96%E9%80%80%E5%87%BA%EF%BC%8C%E5%8F%AF%E6%8C%89%E7%85%A7%E4%B8%8B%E9%9D%A2%E7%9A%84%E6%96%B9%E6%B3%95%E7%BB%99%E8%BD%AF%E4%BB%B6%E7%AD%BE%E5%90%8D\"><span class=\"toc-text\">3.macOS Catalina 10.15.4 系统：更新10.15.4系统后软件出现意外退出，可按照下面的方法给软件签名</span></a></li></ol></li></ol></li></ol>","author":{"name":"络擎","slug":"blog-author","avatar":"https://img-blog.csdnimg.cn/20210313122054101.png","link":"/","description":"Think like an artist, develop like an artisan.","socials":{"github":"https://github.com/NetEngine","twitter":"","stackoverflow":"","wechat":"","qq":"","weibo":"https://weibo.com/","zhihu":"https://www.zhihu.com","csdn":"https://blog.csdn.net","juejin":"https://juejin.cn","customs":{}}},"mapped":true,"prev_post":{},"next_post":{"title":"使用Console技巧提高JS调试技能","uid":"8c6e317d34a70d85c4a6b275416b9854","slug":"2021-08-01-console-js-debug","date":"2021-08-01T12:20:12.000Z","updated":"2021-08-27T10:04:52.000Z","comments":true,"path":"api/articles/2021-08-01-console-js-debug.json","keywords":null,"cover":"https://images.unsplash.com/photo-1522252234503-e356532cafd5","text":"其实 JavaScript 给到我们很多调试工具来调试代码，那问问你自己，你又知道多少呢？用到多少呢？ 大部分前端开发在 JavaScript 调试代码的常规用法都是直接console.log，直接输出某一个变量或者返回数据里面的对象数据。当然毋庸置疑这样输出来调试是没有问题的。...","link":"","photos":[],"count_time":{"symbolsCount":"4.2k","symbolsTime":"4 mins."},"categories":[{"name":"调试","slug":"调试","count":1,"path":"api/categories/调试.json"}],"tags":[{"name":"console","slug":"console","count":1,"path":"api/tags/console.json"}],"author":{"name":"络擎","slug":"blog-author","avatar":"https://img-blog.csdnimg.cn/20210313122054101.png","link":"/","description":"Think like an artist, develop like an artisan.","socials":{"github":"https://github.com/NetEngine","twitter":"","stackoverflow":"","wechat":"","qq":"","weibo":"https://weibo.com/","zhihu":"https://www.zhihu.com","csdn":"https://blog.csdn.net","juejin":"https://juejin.cn","customs":{}}},"feature":true}}