{"name":"络擎","slug":"blog-author","avatar":"https://img-blog.csdnimg.cn/20210313122054101.png","link":"/","description":"Think like an artist, develop like an artisan.","socials":{"github":"https://github.com/NetEngine","twitter":"","stackoverflow":"","wechat":"","qq":"","weibo":"https://weibo.com/","zhihu":"https://www.zhihu.com","csdn":"https://blog.csdn.net","juejin":"https://juejin.cn","customs":{}},"post_list":[{"title":"Mac 破解GitKraken教程","uid":"0c362deea0e7505e0e85786492df47ac","slug":"2021-08-27-mac-gitkraken-tutorial","date":"2021-08-27T07:08:00.000Z","updated":"2021-08-27T07:28:00.888Z","comments":true,"path":"api/articles/2021-08-27-mac-gitkraken-tutorial.json","keywords":null,"cover":"https://cdn.jsdelivr.net/gh/hehuixiong/image-host/gitkraken.jpeg","text":"GitKraken是什么？GitKraken是基于Git代码管理的一个UI管理器，拥有非常精美的界面，可以配合Github、Gitee来使用。 下载GitKraken我们选择在GitKraken官网安装最新版本的GitKraken，在官网安装的是收费的，这个时候不要管，先安装一遍...","link":"","photos":["https://cdn.jsdelivr.net/gh/hehuixiong/image-host/gitkraken.jpeg"],"count_time":{"symbolsCount":"1.6k","symbolsTime":"1 mins."},"categories":[],"tags":[{"name":"gitkraken","slug":"gitkraken","count":1,"path":"api/tags/gitkraken.json"}],"author":{"name":"络擎","slug":"blog-author","avatar":"https://img-blog.csdnimg.cn/20210313122054101.png","link":"/","description":"Think like an artist, develop like an artisan.","socials":{"github":"https://github.com/NetEngine","twitter":"","stackoverflow":"","wechat":"","qq":"","weibo":"https://weibo.com/","zhihu":"https://www.zhihu.com","csdn":"https://blog.csdn.net","juejin":"https://juejin.cn","customs":{}}},"feature":true},{"title":"使用Console技巧提高JS调试技能","uid":"8c6e317d34a70d85c4a6b275416b9854","slug":"2021-08-01-console-js-debug","date":"2021-08-01T12:20:12.000Z","updated":"2021-08-27T10:04:52.000Z","comments":true,"path":"api/articles/2021-08-01-console-js-debug.json","keywords":null,"cover":"https://images.unsplash.com/photo-1522252234503-e356532cafd5","text":"其实 JavaScript 给到我们很多调试工具来调试代码，那问问你自己，你又知道多少呢？用到多少呢？ 大部分前端开发在 JavaScript 调试代码的常规用法都是直接console.log，直接输出某一个变量或者返回数据里面的对象数据。当然毋庸置疑这样输出来调试是没有问题的。...","link":"","photos":[],"count_time":{"symbolsCount":"4.2k","symbolsTime":"4 mins."},"categories":[{"name":"调试","slug":"调试","count":1,"path":"api/categories/调试.json"}],"tags":[{"name":"console","slug":"console","count":1,"path":"api/tags/console.json"}],"author":{"name":"络擎","slug":"blog-author","avatar":"https://img-blog.csdnimg.cn/20210313122054101.png","link":"/","description":"Think like an artist, develop like an artisan.","socials":{"github":"https://github.com/NetEngine","twitter":"","stackoverflow":"","wechat":"","qq":"","weibo":"https://weibo.com/","zhihu":"https://www.zhihu.com","csdn":"https://blog.csdn.net","juejin":"https://juejin.cn","customs":{}}},"feature":true},{"title":"谈谈敏捷开发","uid":"ede919be316f4f79677d41980bcb9458","slug":"2020-03-22-about-agility-dev","date":"2020-03-22T04:07:43.000Z","updated":"2021-08-27T09:46:34.000Z","comments":true,"path":"api/articles/2020-03-22-about-agility-dev.json","keywords":null,"cover":"https://cdn.jsdelivr.net/gh/hehuixiong/image-host/article/agility.jpeg","text":" 谈谈敏捷开发 小步快跑、敏捷开发 真实的敏捷开发 后注 谈谈敏捷开发好久没有更新一下博客，最近有在尝试新的领域，可是一直没能积累下什么重要的知识、或者形成了什么重要的知识体系，就没能写下什么有意义的记录。可是很偶然的机会看到一个视频，里面讲述的，乔布斯谈论关于【流程与人才】的理...","link":"","photos":[],"count_time":{"symbolsCount":"2.1k","symbolsTime":"2 mins."},"categories":[{"name":"开发技巧","slug":"开发技巧","count":1,"path":"api/categories/开发技巧.json"}],"tags":[{"name":"agile","slug":"agile","count":1,"path":"api/tags/agile.json"}],"author":{"name":"络擎","slug":"blog-author","avatar":"https://img-blog.csdnimg.cn/20210313122054101.png","link":"/","description":"Think like an artist, develop like an artisan.","socials":{"github":"https://github.com/NetEngine","twitter":"","stackoverflow":"","wechat":"","qq":"","weibo":"https://weibo.com/","zhihu":"https://www.zhihu.com","csdn":"https://blog.csdn.net","juejin":"https://juejin.cn","customs":{}}},"feature":true},{"title":"前端技能训练: 重构一","uid":"1ac99b79c3bc762da636a204d3bcafcf","slug":"2020-01-18-web-refactoring-1","date":"2020-01-18T05:08:43.000Z","updated":"2021-08-27T09:46:32.000Z","comments":true,"path":"api/articles/2020-01-18-web-refactoring-1.json","keywords":null,"cover":"https://cdn.jsdelivr.net/gh/hehuixiong/image-host/article/refactor.jpeg","text":"或许你应该知道了，重构是怎样的，你也知道重构能带来什么。在我刚开始学重构和设计模式的时候，我需要去找一些好的示例，以便于我更好的学习。有时候不得不创造一些更好的场景，来实现这些功能。 有一天，我发现当我需要我一次又一次地重复讲述某些内容，于是我就计划着把这些应该掌握的技能放到Gi...","link":"","photos":[],"count_time":{"symbolsCount":"3.9k","symbolsTime":"4 mins."},"categories":[{"name":"前端优化","slug":"前端优化","count":1,"path":"api/categories/前端优化.json"}],"tags":[{"name":"css","slug":"css","count":1,"path":"api/tags/css.json"},{"name":"javaScript","slug":"javaScript","count":1,"path":"api/tags/javaScript.json"},{"name":"html","slug":"html","count":1,"path":"api/tags/html.json"},{"name":"vue.js","slug":"vue-js","count":1,"path":"api/tags/vue-js.json"},{"name":"elementui","slug":"elementui","count":1,"path":"api/tags/elementui.json"}],"author":{"name":"络擎","slug":"blog-author","avatar":"https://img-blog.csdnimg.cn/20210313122054101.png","link":"/","description":"Think like an artist, develop like an artisan.","socials":{"github":"https://github.com/NetEngine","twitter":"","stackoverflow":"","wechat":"","qq":"","weibo":"https://weibo.com/","zhihu":"https://www.zhihu.com","csdn":"https://blog.csdn.net","juejin":"https://juejin.cn","customs":{}}}},{"title":"耀企GIT使用规范 v2.0","uid":"b601698dabc8935f9667f75aaa003059","slug":"2019-03-26-yqy-git-standard","date":"2019-03-26T07:07:43.000Z","updated":"2021-08-28T01:46:03.000Z","comments":true,"path":"api/articles/2019-03-26-yqy-git-standard.json","keywords":null,"cover":"https://cdn.jsdelivr.net/gh/hehuixiong/image-host/DxMfhT.jpg","text":"耀企GIT使用规范 v2.0 Git usage standards version 2.0 介绍每一个优秀的开发团队都会用到一套代码管理工具。根据目前最流行的代码管理工具非GIT莫属。不例外耀企团队绝对使用最优秀的规范和工具。根据耀企项目的具体部署环境，开发规范，我们有一套自己...","link":"","photos":[],"count_time":{"symbolsCount":"1.9k","symbolsTime":"2 mins."},"categories":[],"tags":[{"name":"git","slug":"git","count":1,"path":"api/tags/git.json"}],"author":{"name":"络擎","slug":"blog-author","avatar":"https://img-blog.csdnimg.cn/20210313122054101.png","link":"/","description":"Think like an artist, develop like an artisan.","socials":{"github":"https://github.com/NetEngine","twitter":"","stackoverflow":"","wechat":"","qq":"","weibo":"https://weibo.com/","zhihu":"https://www.zhihu.com","csdn":"https://blog.csdn.net","juejin":"https://juejin.cn","customs":{}}}}],"categories":3,"tags":7,"word_count":"14k","post_count":5}